{
  "mse": 0.39256951212882996,
  "mae": 0.38927140831947327,
  "rmse": 0.6265536546707153,
  "mape": 1.5248689651489258,
  "mspe": 357.3547668457031,
  "mse_trunc3": 0.392,
  "mae_trunc3": 0.389
}