{
  "mse": 0.1385592669248581,
  "mae": 0.23217475414276123,
  "rmse": 0.372235506772995,
  "mape": 2.2403171062469482,
  "mspe": 287561.96875,
  "mse_trunc3": 0.138,
  "mae_trunc3": 0.232
}