{
  "mse": 0.16876667737960815,
  "mae": 0.24868163466453552,
  "rmse": 0.41081222891807556,
  "mape": 1.0786713361740112,
  "mspe": 233.72747802734375,
  "mse_trunc3": 0.168,
  "mae_trunc3": 0.248
}