{
  "mse": 0.18207024037837982,
  "mae": 0.2619014382362366,
  "rmse": 0.42669689655303955,
  "mape": 2.707775831222534,
  "mspe": 899165.125,
  "mse_trunc3": 0.182,
  "mae_trunc3": 0.261
}