{
  "mse": 0.19959552586078644,
  "mae": 0.28093421459198,
  "rmse": 0.4467611610889435,
  "mape": 2.75823974609375,
  "mspe": 741587.0625,
  "mse_trunc3": 0.199,
  "mae_trunc3": 0.28
}