{
  "mse": 0.3933773636817932,
  "mae": 0.39036184549331665,
  "rmse": 0.6271980404853821,
  "mape": 1.5323596000671387,
  "mspe": 360.5299987792969,
  "mse_trunc3": 0.393,
  "mae_trunc3": 0.39
}