{
  "mse": 0.28477218747138977,
  "mae": 0.3235423266887665,
  "rmse": 0.5336405038833618,
  "mape": 1.2399853467941284,
  "mspe": 242.93515014648438,
  "mse_trunc3": 0.284,
  "mae_trunc3": 0.323
}