{
  "mse": 0.28174158930778503,
  "mae": 0.296685129404068,
  "rmse": 0.5307933688163757,
  "mape": 16.05645751953125,
  "mspe": 27290700.0,
  "mse_trunc3": 0.281,
  "mae_trunc3": 0.296
}