{
  "mse": 0.17786353826522827,
  "mae": 0.25693461298942566,
  "rmse": 0.42173871397972107,
  "mape": 1.1129968166351318,
  "mspe": 252.958740234375,
  "mse_trunc3": 0.177,
  "mae_trunc3": 0.256
}