{
  "mse": 0.2839483618736267,
  "mae": 0.3233431875705719,
  "rmse": 0.5328680276870728,
  "mape": 1.2495503425598145,
  "mspe": 246.41172790527344,
  "mse_trunc3": 0.283,
  "mae_trunc3": 0.323
}