{
  "mse": 0.17843161523342133,
  "mae": 0.2575640380382538,
  "rmse": 0.4224116802215576,
  "mape": 1.121095895767212,
  "mspe": 254.6390838623047,
  "mse_trunc3": 0.178,
  "mae_trunc3": 0.257
}