{
  "mse": 0.1785683035850525,
  "mae": 0.21640051901340485,
  "rmse": 0.42257341742515564,
  "mape": 16.001821517944336,
  "mspe": 30059870.0,
  "mse_trunc3": 0.178,
  "mae_trunc3": 0.216
}