{
  "mse": 0.358161985874176,
  "mae": 0.34779468178749084,
  "rmse": 0.5984663367271423,
  "mape": 16.277175903320312,
  "mspe": 30655344.0,
  "mse_trunc3": 0.358,
  "mae_trunc3": 0.347
}