{
  "mse": 0.38126447796821594,
  "mae": 0.3818335235118866,
  "rmse": 0.617466151714325,
  "mape": 1.4488950967788696,
  "mspe": 309.02392578125,
  "mse_trunc3": 0.381,
  "mae_trunc3": 0.381
}