{
  "mse": 0.13779784739017487,
  "mae": 0.2314409762620926,
  "rmse": 0.37121132016181946,
  "mape": 2.1815390586853027,
  "mspe": 238546.9375,
  "mse_trunc3": 0.137,
  "mae_trunc3": 0.231
}