{
  "mse": 0.2585470676422119,
  "mae": 0.28261369466781616,
  "rmse": 0.5084752440452576,
  "mape": 13.117154121398926,
  "mspe": 17484304.0,
  "mse_trunc3": 0.258,
  "mae_trunc3": 0.282
}