{
  "mse": 0.1614103764295578,
  "mae": 0.20484665036201477,
  "rmse": 0.4017590880393982,
  "mape": 14.643057823181152,
  "mspe": 23487808.0,
  "mse_trunc3": 0.161,
  "mae_trunc3": 0.204
}