{
  "mse": 0.17960752546787262,
  "mae": 0.2180538922548294,
  "rmse": 0.4238012731075287,
  "mape": 15.963653564453125,
  "mspe": 29277366.0,
  "mse_trunc3": 0.179,
  "mae_trunc3": 0.218
}