{
  "mse": 0.1718590408563614,
  "mae": 0.26529523730278015,
  "rmse": 0.41455885767936707,
  "mape": 2.4719462394714355,
  "mspe": 332219.71875,
  "mse_trunc3": 0.171,
  "mae_trunc3": 0.265
}