{
  "mse": 0.16336433589458466,
  "mae": 0.24344086647033691,
  "rmse": 0.4041835367679596,
  "mape": 1.0219550132751465,
  "mspe": 198.82701110839844,
  "mse_trunc3": 0.163,
  "mae_trunc3": 0.243
}