{
  "mse": 0.14970405399799347,
  "mae": 0.19088837504386902,
  "rmse": 0.38691607117652893,
  "mape": 11.874329566955566,
  "mspe": 18987400.0,
  "mse_trunc3": 0.149,
  "mae_trunc3": 0.19
}