{
  "mse": 0.1600884646177292,
  "mae": 0.25124531984329224,
  "rmse": 0.4001105725765228,
  "mape": 2.59240984916687,
  "mspe": 692105.9375,
  "mse_trunc3": 0.16,
  "mae_trunc3": 0.251
}