{
  "mse": 0.2957415282726288,
  "mae": 0.33388105034828186,
  "rmse": 0.5438212156295776,
  "mape": 1.3416396379470825,
  "mspe": 287.09326171875,
  "mse_trunc3": 0.295,
  "mae_trunc3": 0.333
}