{
  "mse": 0.43481773138046265,
  "mae": 0.2792868912220001,
  "rmse": 0.6594070792198181,
  "mape": 2.899247407913208,
  "mspe": 144283.671875,
  "mse_trunc3": 0.434,
  "mae_trunc3": 0.279
}