{
  "mse": 0.43366217613220215,
  "mae": 0.2739146053791046,
  "rmse": 0.6585302948951721,
  "mape": 2.8520593643188477,
  "mspe": 130791.1875,
  "mse_trunc3": 0.433,
  "mae_trunc3": 0.273
}