{
  "mse": 0.17220629751682281,
  "mae": 0.26599571108818054,
  "rmse": 0.41497746109962463,
  "mape": 2.470653533935547,
  "mspe": 339403.25,
  "mse_trunc3": 0.172,
  "mae_trunc3": 0.265
}