{
  "mse": 0.2958349883556366,
  "mae": 0.33284032344818115,
  "rmse": 0.5439071655273438,
  "mape": 1.3335323333740234,
  "mspe": 286.5788269042969,
  "mse_trunc3": 0.295,
  "mae_trunc3": 0.332
}