{
  "model": "DLinear",
  "dataset": "ECL",
  "input_len": 96,
  "pred_len": 96,
  "batch_size": 16,
  "precision": "FP32",
  "seed": 2021,
  "warmup_iterations": 20,
  "measurement_iterations": 100,
  "parameters_total": 18624,
  "parameters_trainable": 18624,
  "one_epoch_seconds": 11.654933672398329,
  "one_epoch_iterations": 1138,
  "one_epoch_mean_ms_per_iter": 10.241593736729639,
  "stable_train": {
    "mean_ms": 4.165661595761776,
    "std_ms": 5.5227553309514965,
    "median_ms": 1.4994516968727112,
    "p95_ms": 17.12860409170389,
    "samples": 100
  },
  "inference_batch": {
    "mean_ms": 1.9528309628367424,
    "std_ms": 3.01067410290949,
    "median_ms": 0.41666626930236816,
    "p95_ms": 8.273030817508698,
    "samples": 100
  },
  "single_sample_latency": {
    "mean_ms": 0.80511923879385,
    "std_ms": 1.2275020666137209,
    "median_ms": 0.3624614328145981,
    "p95_ms": 3.497208096086977,
    "samples": 100
  },
  "peak_train_memory_mib": 40.3427734375,
  "peak_inference_memory_mib": 40.4140625,
  "gpu": "Tesla T4",
  "gpu_compute_capability": [
    7,
    5
  ],
  "cuda_version": "11.7",
  "torch_version": "2.0.0+cu117",
  "driver_version": "555.58.02",
  "repo_path": "/home/DM24/workspace/Time_Series_Forecasting/Time-Series-Library-main",
  "config": {
    "task_name": "long_term_forecast",
    "seq_len": 96,
    "label_len": 48,
    "pred_len": 96,
    "enc_in": 321,
    "dec_in": 321,
    "c_out": 321,
    "features": "M",
    "output_attention": false,
    "d_model": 512,
    "n_heads": 8,
    "e_layers": 2,
    "d_ff": 2048,
    "factor": 3,
    "dropout": 0.1,
    "activation": "gelu",
    "embed": "timeF",
    "freq": "h",
    "moving_avg": 25,
    "num_class": 2
  },
  "learning_rate": 0.0001
}