{
  "model": "PatchTST",
  "dataset": "ECL",
  "input_len": 96,
  "pred_len": 96,
  "batch_size": 16,
  "precision": "FP32",
  "seed": 2021,
  "warmup_iterations": 20,
  "measurement_iterations": 100,
  "parameters_total": 6903904,
  "parameters_trainable": 6903904,
  "one_epoch_seconds": 1369.883282724768,
  "one_epoch_iterations": 1138,
  "one_epoch_mean_ms_per_iter": 1203.7638688266854,
  "stable_train": {
    "mean_ms": 1210.1157182455063,
    "std_ms": 21.368622547598104,
    "median_ms": 1215.5873086303473,
    "p95_ms": 1235.6334544718266,
    "samples": 100
  },
  "inference_batch": {
    "mean_ms": 412.33985006809235,
    "std_ms": 10.191597198719982,
    "median_ms": 413.28689455986023,
    "p95_ms": 428.02937868982553,
    "samples": 100
  },
  "single_sample_latency": {
    "mean_ms": 46.15842889994383,
    "std_ms": 20.693001154525618,
    "median_ms": 38.20978105068207,
    "p95_ms": 90.59977773576975,
    "samples": 100
  },
  "peak_train_memory_mib": 5171.4443359375,
  "peak_inference_memory_mib": 1594.18896484375,
  "gpu": "Tesla T4",
  "gpu_compute_capability": [
    7,
    5
  ],
  "cuda_version": "11.7",
  "torch_version": "2.0.0+cu117",
  "driver_version": "555.58.02",
  "repo_path": "/home/DM24/workspace/Time_Series_Forecasting/Time-Series-Library-main",
  "config": {
    "task_name": "long_term_forecast",
    "seq_len": 96,
    "label_len": 48,
    "pred_len": 96,
    "enc_in": 321,
    "dec_in": 321,
    "c_out": 321,
    "features": "M",
    "output_attention": false,
    "d_model": 512,
    "n_heads": 8,
    "e_layers": 2,
    "d_ff": 2048,
    "factor": 3,
    "dropout": 0.1,
    "activation": "gelu",
    "embed": "timeF",
    "freq": "h",
    "moving_avg": 25,
    "num_class": 2
  },
  "learning_rate": 0.0001
}