{
  "mse": 0.38773033022880554,
  "mae": 0.3838900029659271,
  "rmse": 0.6226799488067627,
  "mape": 1.4783666133880615,
  "mspe": 328.76849365234375,
  "mse_trunc3": 0.387,
  "mae_trunc3": 0.383
}