{
  "mse": 0.3582153618335724,
  "mae": 0.34770578145980835,
  "rmse": 0.5985109806060791,
  "mape": 16.420907974243164,
  "mspe": 31265376.0,
  "mse_trunc3": 0.358,
  "mae_trunc3": 0.347
}