{
  "mse": 0.18631114065647125,
  "mae": 0.27704185247421265,
  "rmse": 0.4316377341747284,
  "mape": 2.6788339614868164,
  "mspe": 546911.9375,
  "mse_trunc3": 0.186,
  "mae_trunc3": 0.277
}