{
  "mse": 0.2836531102657318,
  "mae": 0.2986878454685211,
  "rmse": 0.532590925693512,
  "mape": 15.892888069152832,
  "mspe": 26351070.0,
  "mse_trunc3": 0.283,
  "mae_trunc3": 0.298
}