{
  "mse": 0.3826489746570587,
  "mae": 0.38375452160835266,
  "rmse": 0.6185862421989441,
  "mape": 1.4807335138320923,
  "mspe": 333.5693664550781,
  "mse_trunc3": 0.382,
  "mae_trunc3": 0.383
}