{
  "mse": 0.2962980270385742,
  "mae": 0.3337622284889221,
  "rmse": 0.5443326234817505,
  "mape": 1.3447577953338623,
  "mspe": 290.9147033691406,
  "mse_trunc3": 0.296,
  "mae_trunc3": 0.333
}