{
  "mse": 0.17916381359100342,
  "mae": 0.21640902757644653,
  "rmse": 0.42327746748924255,
  "mape": 15.769072532653809,
  "mspe": 29496844.0,
  "mse_trunc3": 0.179,
  "mae_trunc3": 0.216
}