{
  "mse": 0.28273600339889526,
  "mae": 0.2985246181488037,
  "rmse": 0.5317292809486389,
  "mape": 15.799966812133789,
  "mspe": 26083580.0,
  "mse_trunc3": 0.282,
  "mae_trunc3": 0.298
}