{
  "mse": 0.1388104408979416,
  "mae": 0.23267225921154022,
  "rmse": 0.37257272005081177,
  "mape": 2.2324748039245605,
  "mspe": 301806.75,
  "mse_trunc3": 0.138,
  "mae_trunc3": 0.232
}