{
  "mse": 0.20205871760845184,
  "mae": 0.2837353050708771,
  "rmse": 0.4495094120502472,
  "mape": 2.7554543018341064,
  "mspe": 763521.6875,
  "mse_trunc3": 0.202,
  "mae_trunc3": 0.283
}