{
  "mse": 0.2908284068107605,
  "mae": 0.3296785056591034,
  "rmse": 0.5392850637435913,
  "mape": 1.294860601425171,
  "mspe": 277.44964599609375,
  "mse_trunc3": 0.29,
  "mae_trunc3": 0.329
}