{
  "mse": 0.1500815600156784,
  "mae": 0.19137528538703918,
  "rmse": 0.38740360736846924,
  "mape": 11.748684883117676,
  "mspe": 18154126.0,
  "mse_trunc3": 0.15,
  "mae_trunc3": 0.191
}