{
  "mse": 0.25820595026016235,
  "mae": 0.28278687596321106,
  "rmse": 0.5081396698951721,
  "mape": 13.173829078674316,
  "mspe": 17531106.0,
  "mse_trunc3": 0.258,
  "mae_trunc3": 0.282
}