{
  "mse": 0.2897596061229706,
  "mae": 0.3279603123664856,
  "rmse": 0.5382932424545288,
  "mape": 1.280259609222412,
  "mspe": 268.17364501953125,
  "mse_trunc3": 0.289,
  "mae_trunc3": 0.327
}