{
  "mse": 0.17676183581352234,
  "mae": 0.2568095624446869,
  "rmse": 0.4204305410385132,
  "mape": 1.1145024299621582,
  "mspe": 253.98411560058594,
  "mse_trunc3": 0.176,
  "mae_trunc3": 0.256
}