{
  "mse": 0.17968027293682098,
  "mae": 0.21747522056102753,
  "rmse": 0.42388710379600525,
  "mape": 15.903409004211426,
  "mspe": 29309720.0,
  "mse_trunc3": 0.179,
  "mae_trunc3": 0.217
}