{
  "mse": 0.3401355743408203,
  "mae": 0.3394412398338318,
  "rmse": 0.5832114219665527,
  "mape": 13.048916816711426,
  "mspe": 18540958.0,
  "mse_trunc3": 0.34,
  "mae_trunc3": 0.339
}