{
  "mse": 0.17172889411449432,
  "mae": 0.26481717824935913,
  "rmse": 0.4144018590450287,
  "mape": 2.445657968521118,
  "mspe": 285254.34375,
  "mse_trunc3": 0.171,
  "mae_trunc3": 0.264
}