{
  "mse": 0.17389117181301117,
  "mae": 0.2536427676677704,
  "rmse": 0.4170026183128357,
  "mape": 1.1118754148483276,
  "mspe": 250.52743530273438,
  "mse_trunc3": 0.173,
  "mae_trunc3": 0.253
}