{
  "mse": 0.3579738438129425,
  "mae": 0.3477906584739685,
  "rmse": 0.5983091592788696,
  "mape": 16.63408088684082,
  "mspe": 31964864.0,
  "mse_trunc3": 0.357,
  "mae_trunc3": 0.347
}