{
  "mse": 0.18908469378948212,
  "mae": 0.2774885296821594,
  "rmse": 0.4348387122154236,
  "mape": 2.8222615718841553,
  "mspe": 890519.3125,
  "mse_trunc3": 0.189,
  "mae_trunc3": 0.277
}