{
  "mse": 0.18245938420295715,
  "mae": 0.2618458867073059,
  "rmse": 0.4271526336669922,
  "mape": 2.7035582065582275,
  "mspe": 900780.5625,
  "mse_trunc3": 0.182,
  "mae_trunc3": 0.261
}