{
  "mse": 0.19996266067028046,
  "mae": 0.2814807593822479,
  "rmse": 0.4471718370914459,
  "mape": 2.7390387058258057,
  "mspe": 714446.9375,
  "mse_trunc3": 0.199,
  "mae_trunc3": 0.281
}