{
  "mse": 0.16298146545886993,
  "mae": 0.24340978264808655,
  "rmse": 0.40370962023735046,
  "mape": 1.0288805961608887,
  "mspe": 203.5902862548828,
  "mse_trunc3": 0.162,
  "mae_trunc3": 0.243
}