{
  "mse": 0.2634716033935547,
  "mae": 0.28880730271339417,
  "rmse": 0.5132948756217957,
  "mape": 15.446146965026855,
  "mspe": 23618066.0,
  "mse_trunc3": 0.263,
  "mae_trunc3": 0.288
}