{
  "mse": 0.16214412450790405,
  "mae": 0.20558381080627441,
  "rmse": 0.4026712477207184,
  "mape": 14.61670207977295,
  "mspe": 23335158.0,
  "mse_trunc3": 0.162,
  "mae_trunc3": 0.205
}