{
  "mse": 0.14972490072250366,
  "mae": 0.19062025845050812,
  "rmse": 0.3869430124759674,
  "mape": 11.810256004333496,
  "mspe": 17852108.0,
  "mse_trunc3": 0.149,
  "mae_trunc3": 0.19
}