{
  "mse": 0.39269518852233887,
  "mae": 0.3898656964302063,
  "rmse": 0.6266539692878723,
  "mape": 1.5308659076690674,
  "mspe": 360.2839660644531,
  "mse_trunc3": 0.392,
  "mae_trunc3": 0.389
}