{
  "mse": 0.21072235703468323,
  "mae": 0.29867205023765564,
  "rmse": 0.45904505252838135,
  "mape": 2.5790445804595947,
  "mspe": 209859.46875,
  "mse_trunc3": 0.21,
  "mae_trunc3": 0.298
}