{
  "mse": 0.3817017674446106,
  "mae": 0.38162699341773987,
  "rmse": 0.6178202033042908,
  "mape": 1.4616338014602661,
  "mspe": 315.67242431640625,
  "mse_trunc3": 0.381,
  "mae_trunc3": 0.381
}