{
  "mse": 0.258331835269928,
  "mae": 0.2824436128139496,
  "rmse": 0.5082635283470154,
  "mape": 13.232340812683105,
  "mspe": 18307154.0,
  "mse_trunc3": 0.258,
  "mae_trunc3": 0.282
}