{
  "mse": 0.24019189178943634,
  "mae": 0.3147371709346771,
  "rmse": 0.49009376764297485,
  "mape": 2.830561876296997,
  "mspe": 455222.21875,
  "mse_trunc3": 0.24,
  "mae_trunc3": 0.314
}