{
  "mse": 0.3406519889831543,
  "mae": 0.3393484055995941,
  "rmse": 0.58365398645401,
  "mape": 13.221415519714355,
  "mspe": 19111406.0,
  "mse_trunc3": 0.34,
  "mae_trunc3": 0.339
}