{
  "mse": 0.3426583409309387,
  "mae": 0.3411775231361389,
  "rmse": 0.5853702425956726,
  "mape": 15.725312232971191,
  "mspe": 27899972.0,
  "mse_trunc3": 0.342,
  "mae_trunc3": 0.341
}