{
  "mse": 0.3924005925655365,
  "mae": 0.3897898197174072,
  "rmse": 0.6264188885688782,
  "mape": 1.5318348407745361,
  "mspe": 356.7417297363281,
  "mse_trunc3": 0.392,
  "mae_trunc3": 0.389
}