{
  "mse": 0.17177826166152954,
  "mae": 0.26494988799095154,
  "rmse": 0.4144614040851593,
  "mape": 2.4424355030059814,
  "mspe": 271870.25,
  "mse_trunc3": 0.171,
  "mae_trunc3": 0.264
}