{
  "mse": 0.18260076642036438,
  "mae": 0.26147329807281494,
  "rmse": 0.42731809616088867,
  "mape": 2.7184722423553467,
  "mspe": 952221.25,
  "mse_trunc3": 0.182,
  "mae_trunc3": 0.261
}