{
  "mse": 0.29619428515434265,
  "mae": 0.33423733711242676,
  "rmse": 0.5442373156547546,
  "mape": 1.3452434539794922,
  "mspe": 289.3832702636719,
  "mse_trunc3": 0.296,
  "mae_trunc3": 0.334
}