{
  "mse": 0.34022650122642517,
  "mae": 0.33890241384506226,
  "rmse": 0.583289384841919,
  "mape": 13.061851501464844,
  "mspe": 19112184.0,
  "mse_trunc3": 0.34,
  "mae_trunc3": 0.338
}