{
  "mse": 0.25790685415267944,
  "mae": 0.28218138217926025,
  "rmse": 0.5078452825546265,
  "mape": 13.106711387634277,
  "mspe": 17731558.0,
  "mse_trunc3": 0.257,
  "mae_trunc3": 0.282
}