{
  "mse": 0.1705739051103592,
  "mae": 0.25003597140312195,
  "rmse": 0.4130059480667114,
  "mape": 1.0651627779006958,
  "mspe": 230.59471130371094,
  "mse_trunc3": 0.17,
  "mae_trunc3": 0.25
}