{
  "mse": 0.162650465965271,
  "mae": 0.2519685626029968,
  "rmse": 0.403299480676651,
  "mape": 2.7207541465759277,
  "mspe": 1002641.25,
  "mse_trunc3": 0.162,
  "mae_trunc3": 0.251
}