{
  "mse": 0.2851565182209015,
  "mae": 0.32388973236083984,
  "rmse": 0.5340004563331604,
  "mape": 1.2477457523345947,
  "mspe": 245.09706115722656,
  "mse_trunc3": 0.285,
  "mae_trunc3": 0.323
}