{
  "mse": 0.28494971990585327,
  "mae": 0.32349535822868347,
  "rmse": 0.5338068008422852,
  "mape": 1.256290316581726,
  "mspe": 246.7429962158203,
  "mse_trunc3": 0.284,
  "mae_trunc3": 0.323
}