{
  "mse": 0.1998712122440338,
  "mae": 0.28135445713996887,
  "rmse": 0.44706958532333374,
  "mape": 2.7496182918548584,
  "mspe": 736561.3125,
  "mse_trunc3": 0.199,
  "mae_trunc3": 0.281
}