{
  "mse": 0.43812182545661926,
  "mae": 0.2816956639289856,
  "rmse": 0.6619077324867249,
  "mape": 2.9272117614746094,
  "mspe": 139159.9375,
  "mse_trunc3": 0.438,
  "mae_trunc3": 0.281
}