{
  "mse": 0.3427530825138092,
  "mae": 0.3412022888660431,
  "rmse": 0.5854511857032776,
  "mape": 15.67519474029541,
  "mspe": 27946018.0,
  "mse_trunc3": 0.342,
  "mae_trunc3": 0.341
}