{
  "mse": 0.3808386027812958,
  "mae": 0.3811965882778168,
  "rmse": 0.6171212196350098,
  "mape": 1.4508610963821411,
  "mspe": 311.9480285644531,
  "mse_trunc3": 0.38,
  "mae_trunc3": 0.381
}