{
  "mse": 0.21154344081878662,
  "mae": 0.29873767495155334,
  "rmse": 0.45993852615356445,
  "mape": 2.5786657333374023,
  "mspe": 209811.46875,
  "mse_trunc3": 0.211,
  "mae_trunc3": 0.298
}