{
  "mse": 0.1630888432264328,
  "mae": 0.24326029419898987,
  "rmse": 0.40384259819984436,
  "mape": 1.023111343383789,
  "mspe": 200.8628387451172,
  "mse_trunc3": 0.163,
  "mae_trunc3": 0.243
}