{
  "mse": 0.16331304609775543,
  "mae": 0.2431963086128235,
  "rmse": 0.4041200876235962,
  "mape": 1.0230780839920044,
  "mspe": 201.6929931640625,
  "mse_trunc3": 0.163,
  "mae_trunc3": 0.243
}