{
  "mse": 0.26314234733581543,
  "mae": 0.28783118724823,
  "rmse": 0.5129740238189697,
  "mape": 15.445540428161621,
  "mspe": 23640984.0,
  "mse_trunc3": 0.263,
  "mae_trunc3": 0.287
}