{
  "mse": 0.34176987409591675,
  "mae": 0.34016045928001404,
  "rmse": 0.5846108794212341,
  "mape": 13.097806930541992,
  "mspe": 18750818.0,
  "mse_trunc3": 0.341,
  "mae_trunc3": 0.34
}