{
  "mse": 0.14998845756053925,
  "mae": 0.1915637105703354,
  "rmse": 0.38728344440460205,
  "mape": 11.747281074523926,
  "mspe": 17955832.0,
  "mse_trunc3": 0.149,
  "mae_trunc3": 0.191
}