{
  "mse": 0.358641117811203,
  "mae": 0.34851256012916565,
  "rmse": 0.5988665223121643,
  "mape": 16.156410217285156,
  "mspe": 30254726.0,
  "mse_trunc3": 0.358,
  "mae_trunc3": 0.348
}