{
  "mse": 0.3864368498325348,
  "mae": 0.38607609272003174,
  "rmse": 0.6216404438018799,
  "mape": 1.4864753484725952,
  "mspe": 342.0599670410156,
  "mse_trunc3": 0.386,
  "mae_trunc3": 0.386
}