{
  "mse": 0.18009547889232635,
  "mae": 0.25866439938545227,
  "rmse": 0.42437657713890076,
  "mape": 2.7134158611297607,
  "mspe": 933868.75,
  "mse_trunc3": 0.18,
  "mae_trunc3": 0.258
}