{
  "mse": 0.209431454539299,
  "mae": 0.2968469262123108,
  "rmse": 0.4576368033885956,
  "mape": 2.5994808673858643,
  "mspe": 195108.71875,
  "mse_trunc3": 0.209,
  "mae_trunc3": 0.296
}