{
  "mse": 0.13783329725265503,
  "mae": 0.23151257634162903,
  "rmse": 0.37125906348228455,
  "mape": 2.220172882080078,
  "mspe": 275518.90625,
  "mse_trunc3": 0.137,
  "mae_trunc3": 0.231
}