{
  "mse": 0.28234604001045227,
  "mae": 0.29738566279411316,
  "rmse": 0.5313624143600464,
  "mape": 15.929608345031738,
  "mspe": 26651300.0,
  "mse_trunc3": 0.282,
  "mae_trunc3": 0.297
}